{"frames":{"rogue0.png":{"frame":{"x":0,"y":0,"w":512,"h":512},"rotated":false,"trimmed":false,"spriteSourceSize":{"x":0,"y":0,"w":512,"h":512},"sourceSize":{"w":512,"h":512}},"rogue1.png":{"frame":{"x":512,"y":0,"w":512,"h":512},"rotated":false,"trimmed":false,"spriteSourceSize":{"x":0,"y":0,"w":512,"h":512},"sourceSize":{"w":512,"h":512}},"rogue2.png":{"frame":{"x":1024,"y":0,"w":512,"h":512},"rotated":false,"trimmed":false,"spriteSourceSize":{"x":0,"y":0,"w":512,"h":512},"sourceSize":{"w":512,"h":512}},"rogue3.png":{"frame":{"x":1536,"y":0,"w":512,"h":512},"rotated":false,"trimmed":false,"spriteSourceSize":{"x":0,"y":0,"w":512,"h":512},"sourceSize":{"w":512,"h":512}},"rogue4.png":{"frame":{"x":0,"y":512,"w":512,"h":512},"rotated":false,"trimmed":false,"spriteSourceSize":{"x":0,"y":0,"w":512,"h":512},"sourceSize":{"w":512,"h":512}},"rogue5.png":{"frame":{"x":512,"y":512,"w":512,"h":512},"rotated":false,"trimmed":false,"spriteSourceSize":{"x":0,"y":0,"w":512,"h":512},"sourceSize":{"w":512,"h":512}},"rogue6.png":{"frame":{"x":1024,"y":512,"w":512,"h":512},"rotated":false,"trimmed":false,"spriteSourceSize":{"x":0,"y":0,"w":512,"h":512},"sourceSize":{"w":512,"h":512}},"rogue7.png":{"frame":{"x":1536,"y":512,"w":512,"h":512},"rotated":false,"trimmed":false,"spriteSourceSize":{"x":0,"y":0,"w":512,"h":512},"sourceSize":{"w":512,"h":512}},"rogue8.png":{"frame":{"x":0,"y":1024,"w":512,"h":512},"rotated":false,"trimmed":false,"spriteSourceSize":{"x":0,"y":0,"w":512,"h":512},"sourceSize":{"w":512,"h":512}},"rogue9.png":{"frame":{"x":512,"y":1024,"w":512,"h":512},"rotated":false,"trimmed":false,"spriteSourceSize":{"x":0,"y":0,"w":512,"h":512},"sourceSize":{"w":512,"h":512}},"rogue10.png":{"frame":{"x":1024,"y":1024,"w":512,"h":512},"rotated":false,"trimmed":false,"spriteSourceSize":{"x":0,"y":0,"w":512,"h":512},"sourceSize":{"w":512,"h":512}},"rogue11.png":{"frame":{"x":1536,"y":1024,"w":512,"h":512},"rotated":false,"trimmed":false,"spriteSourceSize":{"x":0,"y":0,"w":512,"h":512},"sourceSize":{"w":512,"h":512}},"rogue12.png":{"frame":{"x":0,"y":1536,"w":512,"h":512},"rotated":false,"trimmed":false,"spriteSourceSize":{"x":0,"y":0,"w":512,"h":512},"sourceSize":{"w":512,"h":512}},"rogue13.png":{"frame":{"x":512,"y":1536,"w":512,"h":512},"rotated":false,"trimmed":false,"spriteSourceSize":{"x":0,"y":0,"w":512,"h":512},"sourceSize":{"w":512,"h":512}},"rogue14.png":{"frame":{"x":1024,"y":1536,"w":512,"h":512},"rotated":false,"trimmed":false,"spriteSourceSize":{"x":0,"y":0,"w":512,"h":512},"sourceSize":{"w":512,"h":512}},"rogue15.png":{"frame":{"x":1536,"y":1536,"w":512,"h":512},"rotated":false,"trimmed":false,"spriteSourceSize":{"x":0,"y":0,"w":512,"h":512},"sourceSize":{"w":512,"h":512}},"rogue16.png":{"frame":{"x":0,"y":2048,"w":512,"h":512},"rotated":false,"trimmed":false,"spriteSourceSize":{"x":0,"y":0,"w":512,"h":512},"sourceSize":{"w":512,"h":512}},"rogue17.png":{"frame":{"x":512,"y":2048,"w":512,"h":512},"rotated":false,"trimmed":false,"spriteSourceSize":{"x":0,"y":0,"w":512,"h":512},"sourceSize":{"w":512,"h":512}}},"meta":{"app":"https://github.com/piskelapp/piskel/","version":"1.0","image":"rogue.png","format":"RGBA8888","size":{"w":2048,"h":2560}}}